{"initial_reset_timestamp": 1545720771.7081833, "episode_rewards": [19.0], "episode_lengths": [1750], "episode_types": ["t"], "timestamps": [1545720843.171395]}